"mean","std"
20.5959442379803,20.3189238999115
20.6582602442022,19.4181810646203
0.459988785492724,0.0984555246172879
0.462307086614177,0.090992275603249
1.33931682176092,1.31408099582941
1.4190640658554,1.26860736448811
182.480737294203,11.2165901806055
182.684230493916,11.2102114429243
178.091515151517,9.02103938942644
177.971515151518,9.2195887011475
30.1994750656168,3.93082302486122
30.7592460033405,4.18081991756921
